;03/09/20;03/10/20;03/11/20;03/12/20;03/13/20;03/14/20;03/15/20;03/16/20;03/17/20;03/18/20;03/19/20;03/20/20;03/21/20;03/22/20;03/23/20;03/24/20;03/25/20;03/26/20;03/27/20;03/28/20;03/29/20;03/30/20;03/31/20;04/01/20;04/02/20;04/03/20;04/04/20;04/05/20;04/06/20;04/07/20;04/08/20;04/09/20;04/10/20;04/11/20;04/12/20;04/13/20;04/14/20;04/15/20;04/16/20;04/17/20;04/18/20;04/19/20;04/20/20;04/21/20;04/22/20;04/23/20;04/24/20;04/25/20;04/26/20;04/27/20;04/28/20;04/29/20;04/30/20;05/01/20;05/02/20;05/03/20;05/04/20;05/05/20;05/06/20;05/07/20;05/08/20;05/09/20;05/10/20;05/11/20;05/12/20;05/13/20;05/14/20;05/15/20;05/16/20;05/17/20;05/18/20;05/19/20;05/20/20;05/21/20;05/22/20;05/23/20;05/24/20;05/25/20;05/26/20;05/27/20;05/28/20;05/29/20;05/30/20;05/31/20;06/01/20;06/02/20;06/03/20;06/04/20;06/05/20;06/06/20;06/07/20;06/08/20;06/09/20;06/10/20;06/11/20;06/12/20;06/13/20;06/14/20;06/15/20;06/16/20;06/17/20;06/18/20;06/19/20;06/20/20;06/21/20;06/22/20;06/23/20;06/24/20;06/25/20;06/26/20;06/27/20;06/28/20;06/29/20;06/30/20;07/01/20;07/02/20;07/03/20;07/04/20;07/05/20;07/06/20;07/07/20;07/08/20;07/09/20;07/10/20;07/11/20;07/12/20;07/13/20;07/14/20;07/15/20;07/16/20;07/17/20;07/18/20;07/19/20;07/20/20;07/21/20;07/22/20;07/23/20;07/24/20;07/25/20;07/26/20;07/27/20;07/28/20;07/29/20;07/30/20;07/31/20;08/01/20;08/02/20;08/03/20;08/04/20;08/05/20;08/06/20;08/07/20;08/08/20;08/09/20;08/10/20;08/11/20;08/12/20;08/13/20;08/14/20;08/15/20;08/16/20;08/17/20;08/18/20;08/19/20;08/20/20;08/21/20;08/22/20;08/23/20;08/24/20;08/25/20;08/26/20;08/27/20;08/28/20;08/29/20;08/30/20;08/31/20;09/01/20;09/02/20;09/03/20;09/04/20;09/05/20;09/06/20;09/07/20;09/08/20;09/09/20;09/10/20;09/11/20;09/12/20;09/13/20;09/14/20;09/15/20;09/16/20;09/17/20;09/18/20;09/19/20;09/20/20;09/21/20;09/22/20;09/23/20;09/24/20;09/25/20;09/26/20;09/27/20;09/28/20;09/29/20;09/30/20;10/01/20;10/02/20;10/03/20;10/04/20;10/05/20;10/06/20;10/07/20;10/08/20;10/09/20;10/10/20;10/11/20;10/12/20;10/13/20;10/14/20;10/15/20;10/16/20;10/17/20;10/18/20;10/19/20;10/20/20;10/21/20;10/22/20;10/23/20;10/24/20;10/25/20;10/26/20;10/27/20;10/28/20;10/29/20;10/30/20;10/31/20;11/01/20;11/02/20;11/03/20;11/04/20;11/05/20;11/06/20;11/07/20;11/08/20;11/09/20;11/10/20;11/11/20;11/12/20;11/13/20;11/14/20;11/15/20;11/16/20;11/17/20;11/18/20;11/19/20;11/20/20;11/21/20;11/22/20;11/23/20;11/24/20;11/25/20;11/26/20;11/27/20;11/28/20;11/29/20;11/30/20;12/01/20;12/02/20;12/03/20;12/04/20;12/05/20;12/06/20;12/07/20;12/08/20;12/09/20;12/10/20;12/11/20;12/12/20;12/13/20;12/14/20;12/15/20;12/16/20;12/17/20;12/18/20;12/19/20;12/20/20;12/21/20;12/22/20;12/23/20;12/24/20;12/25/20;12/26/20;12/27/20;12/28/20;12/29/20;12/30/20;12/31/20;01/01/21;01/02/21;01/03/21;01/04/21;01/05/21;01/06/21;01/07/21;01/08/21;01/09/21;01/10/21;01/11/21;01/12/21;01/13/21;01/14/21;01/15/21;01/16/21;01/17/21;01/18/21;01/19/21;01/20/21;01/21/21;01/22/21;01/23/21;01/24/21;01/25/21;01/26/21;01/27/21;01/28/21;01/29/21;01/30/21;01/31/21;02/01/21;02/02/21;02/03/21;02/04/21;02/05/21;02/06/21;02/07/21;02/08/21;02/09/21;02/10/21;02/11/21;02/12/21;02/13/21;02/14/21;02/15/21;02/16/21;02/17/21;02/18/21;02/19/21;02/20/21;02/21/21;02/22/21;02/23/21;02/24/21;02/25/21;02/26/21;02/27/21;02/28/21;03/01/21;03/02/21;03/03/21;03/04/21;03/05/21;03/06/21;03/07/21;03/08/21;03/09/21;03/10/21;03/11/21;03/12/21;03/13/21;03/14/21;03/15/21
Corona Deaths per Day 2020/21;2;2;3;3;6;6;8;12;20;26;28;52;75;93;94;130;164;222;281;395;455;541;682;821;931;1107;1275;1524;1584;1810;2096;2349;2706;2736;2871;3022;3261;3495;3804;4098;4403;4543;4642;4862;5127;5354;5575;5805;5880;5985;6161;6314;6518;6623;6736;6812;6866;6993;6993;7275;7392;7510;7549;7569;7676;7755;7884;7897;7931;7958;7975;8041;8112;8169;8212;8256;8275;8287;8298;8312;8327;8363;8412;8468;8531;8557;8576;8611;8635;8659;8675;8690;8718;8748;8776;8780;8789;8797;8804;8814;8840;8869;8882;8888;8895;8897;8914;8924;8936;8956;8962;8969;8976;8993;9001;9010;9013;9017;9021;9024;9028;9040;9054;9061;9068;9072;9077;9078;9086;9089;9090;9092;9093;9098;9100;9102;9108;9116;9118;9121;9124;9127;9133;9138;9147;9149;9151;9154;9163;9179;9181;9195;9201;9202;9207;9213;9215;9217;9230;9235;9235;9236;9241;9249;9263;9264;9272;9276;9281;9281;9284;9290;9293;9299;9300;9303;9306;9320;9322;9327;9329;9330;9330;9334;9342;9342;9347;9352;9354;9356;9367;9373;9376;9386;9388;9390;9390;9405;9423;9436;9451;9459;9464;9476;9483;9495;9509;9518;9531;9533;9554;9566;9582;9583;9594;9620;9626;9640;9682;9716;9739;9773;9785;9798;9842;9882;9911;9960;10008;10035;10062;10091;10121;10259;10305;10391;10483;10541;10669;10717;10949;11110;11241;11306;11372;11408;11781;11994;12216;12404;12511;12573;12833;13138;13390;13662;13918;14061;14159;14460;14832;15210;15640;16011;16181;16306;16694;17177;17659;18097;18577;18839;18995;19434;20002;20460;21064;21567;21900;22087;22634;23566;24274;25027;25754;26171;26400;27112;28180;28909;29330;29580;29946;30297;31145;32267;33230;33791;34145;34480;34791;35748;36757;37835;38988;40022;40597;40936;41806;42890;44100;45207;45705;46464;46908;47263;48998;50017;50878;51713;51873;52296;53152;53619;54498;55883;56286;57105;57163;58019;58992;59776;60634;61324;61551;61708;62191;63006;63672;64224;64771;64990;65107;65637;65829;66732;67249;67741;67883;67946;68363;68790;69170;69343;69939;70092;70152;70514;70926;71285;71554;71852;71951;71984;72247;72534;72858;73120;73348;73369;73463;73702
Corona Deaths per Week 2020/21;-;-;-;-;-;-;-;40;-;-;-;-;-;-;388;-;-;-;-;-;-;2188;-;-;-;-;-;-;7924;-;-;-;-;-;-;17590;-;-;-;-;-;-;28246;-;-;-;-;-;-;38588;-;-;-;-;-;-;46030;-;-;-;-;-;-;51281;-;-;-;-;-;-;55076;-;-;-;-;-;-;57352;-;-;-;-;-;-;58711;-;-;-;-;-;-;60403;-;-;-;-;-;-;61412;-;-;-;-;-;-;62085;-;-;-;-;-;-;62637;-;-;-;-;-;-;63079;-;-;-;-;-;-;63400;-;-;-;-;-;-;63626;-;-;-;-;-;-;63789;-;-;-;-;-;-;63999;-;-;-;-;-;-;64328;-;-;-;-;-;-;64581;-;-;-;-;-;-;64846;-;-;-;-;-;-;65050;-;-;-;-;-;-;65264;-;-;-;-;-;-;65427;-;-;-;-;-;-;65670;-;-;-;-;-;-;66114;-;-;-;-;-;-;66623;-;-;-;-;-;-;67211;-;-;-;-;-;-;68335;-;-;-;-;-;-;69949;-;-;-;-;-;-;72769;-;-;-;-;-;-;78103;-;-;-;-;-;-;86312;-;-;-;-;-;-;96788;-;-;-;-;-;-;110874;-;-;-;-;-;-;128778;-;-;-;-;-;-;149714;-;-;-;-;-;-;178304;-;-;-;-;-;-;207387;-;-;-;-;-;-;238452;-;-;-;-;-;-;276941;-;-;-;-;-;-;318537;-;-;-;-;-;-;358927;-;-;-;-;-;-;392573;-;-;-;-;-;-;426176;-;-;-;-;-;-;451407;-;-;-;-;-;-;471743;-;-;-;-;-;-;488000;-;-;-;-;-;-;501799;-;-;-;-;-;-;512394
Diff Corona Deaths per Day 2020/21;2;0;1;0;3;0;2;4;8;6;2;24;23;18;1;36;34;58;59;114;60;86;141;139;110;176;168;249;60;226;286;253;357;30;135;151;239;234;309;294;305;140;99;220;265;227;221;230;75;105;176;153;204;105;113;76;54;127;0;282;117;118;39;20;107;79;129;13;34;27;17;66;71;57;43;44;19;12;11;14;15;36;49;56;63;26;19;35;24;24;16;15;28;30;28;4;9;8;7;10;26;29;13;6;7;2;17;10;12;20;6;7;7;17;8;9;3;4;4;3;4;12;14;7;7;4;5;1;8;3;1;2;1;5;2;2;6;8;2;3;3;3;6;5;9;2;2;3;9;16;2;14;6;1;5;6;2;2;13;5;0;1;5;8;14;1;8;4;5;0;3;6;3;6;1;3;3;14;2;5;2;1;0;4;8;0;5;5;2;2;11;6;3;10;2;2;0;15;18;13;15;8;5;12;7;12;14;9;13;2;21;12;16;1;11;26;6;14;42;34;23;34;12;13;44;40;29;49;48;27;27;29;30;138;46;86;92;58;128;48;232;161;131;65;66;36;373;213;222;188;107;62;260;305;252;272;256;143;98;301;372;378;430;371;170;125;388;483;482;438;480;262;156;439;568;458;604;503;333;187;547;932;708;753;727;417;229;712;1068;729;421;250;366;351;848;1122;963;561;354;335;311;957;1009;1078;1153;1034;575;339;870;1084;1210;1107;498;759;444;355;1735;1019;861;835;160;423;856;467;879;1385;403;819;58;856;973;784;858;690;227;157;483;815;666;552;547;219;117;530;192;903;517;492;142;63;417;427;380;173;596;153;60;362;412;359;269;298;99;33;263;287;324;262;228;21;94;239
Diff Corona Deaths per Day 2020/21;-;-;-;-;-;-;-;10;-;-;-;-;-;-;82;-;-;-;-;-;-;447;-;-;-;-;-;-;1043;-;-;-;-;-;-;1438;-;-;-;-;-;-;1620;-;-;-;-;-;-;1343;-;-;-;-;-;-;881;-;-;-;-;-;-;703;-;-;-;-;-;-;406;-;-;-;-;-;-;312;-;-;-;-;-;-;244;-;-;-;-;-;-;159;-;-;-;-;-;-;114;-;-;-;-;-;-;93;-;-;-;-;-;-;79;-;-;-;-;-;-;48;-;-;-;-;-;-;53;-;-;-;-;-;-;21;-;-;-;-;-;-;26;-;-;-;-;-;-;30;-;-;-;-;-;-;53;-;-;-;-;-;-;29;-;-;-;-;-;-;45;-;-;-;-;-;-;22;-;-;-;-;-;-;27;-;-;-;-;-;-;26;-;-;-;-;-;-;34;-;-;-;-;-;-;86;-;-;-;-;-;-;78;-;-;-;-;-;-;86;-;-;-;-;-;-;202;-;-;-;-;-;-;249;-;-;-;-;-;-;578;-;-;-;-;-;-;739;-;-;-;-;-;-;1425;-;-;-;-;-;-;1627;-;-;-;-;-;-;2234;-;-;-;-;-;-;2740;-;-;-;-;-;-;3200;-;-;-;-;-;-;4478;-;-;-;-;-;-;4033;-;-;-;-;-;-;4603;-;-;-;-;-;-;6058;-;-;-;-;-;-;5457;-;-;-;-;-;-;5889;-;-;-;-;-;-;4867;-;-;-;-;-;-;4172;-;-;-;-;-;-;3446;-;-;-;-;-;-;2726;-;-;-;-;-;-;2151;-;-;-;-;-;-;1733;-;-;-;-;-;-;1455
Mean Deaths per Day 2016-2019;3053.25;2985.75;2963;2945.25;2952.25;2949.5;2938.25;2930.75;2871.75;2826.75;2823.25;2828.25;2870;2845;2875.25;2784.25;2682;2639.5;2694.25;2731.75;2782.25;2686.25;2668.5;2653.75;2642;2718.75;2725;2704.25;2612.25;2572;2635;2556.25;2613;2566.75;2601;2595;2472.5;2542.5;2481.25;2484.25;2491.5;2449;2503;2448.25;2458.25;2511.75;2506.5;2532.25;2486;2469.75;2459.5;2393.75;2482;2427;2460.75;2445.75;2442.5;2359.25;2390.25;2416.5;2480;2521.25;2532.5;2482;2453.5;2458.25;2458;2376.25;2401.5;2475.5;2439;2432.25;2366.25;2330.5;2384.75;2420.5;2405;2361.5;2317.75;2358.25;2394.75;2487.25;2433;2419.75;2401.75;2392.75;2349.25;2400;2372.5;2393;2334.75;2367.75;2298.75;2274.75;2259.5;2293.75;2272.5;2300.25;2330.75;2307.75;2193.5;2308.25;2359.25;2387.25;2357.5;2366;2339.5;2418.5;2429.75;2413.25;2357.25;2379.75;2385.5;2365.25;2390.25;2221.5;2263.5;2322.75;2436.75;2335.5;2306.5;2326;2303;2329;2406.25;2405.25;2277;2211;2207.25;2282.5;2339.5;2355.75;2403.75;2474;2425;2449.5;2396;2433.75;2557;2649.25;2620;2520.75;2436.5;2485;2446.25;2527;2492.25;2554;2483.5;2396.75;2337.5;2428.5;2485.75;2447.5;2353.75;2199.25;2228.25;2306.25;2286;2310.25;2383.75;2354;2377.5;2304.5;2290.75;2252;2311.25;2346.5;2417.5;2388.5;2392.25;2406.25;2456;2426.75;2393.5;2311.75;2304;2248.75;2259.5;2303.75;2296.75;2314.25;2292.75;2259;2319;2241.75;2316;2356.25;2389.75;2377;2286.5;2318.25;2316;2304;2344.5;2350.75;2361.25;2275.5;2367.25;2358;2332.75;2377.5;2414;2334.5;2377.5;2392.75;2354.75;2393.5;2294;2366.75;2395.25;2390.75;2363;2413.25;2427;2492.25;2470.5;2494.25;2521;2530.75;2536.25;2482;2447.5;2493;2496.25;2405.75;2439.25;2362.25;2409.75;2507.5;2480.75;2478;2367.5;2465.75;2420;2423.25;2447;2444.75;2500;2490.75;2507.75;2534.25;2496.25;2498;2525.25;2509.5;2491;2559;2524;2526.5;2525.5;2535.75;2585.25;2502.5;2542.75;2576.5;2591;2576.75;2672.5;2611.75;2555.25;2533.75;2528.75;2537.25;2587;2632.5;2592.5;2580.5;2655.25;2621.75;2602.5;2620.25;2674.75;2703.75;2654;2684.25;2606;2678.25;2704.75;2688.5;2694;2651.75;2591;2640.5;2657.25;2725.75;2748;2745;2737.75;2661.75;2679;2569;2621.25;2732.25;2671.5;2604.25;2654.75;2710;2693.5;2727.25;2731.25;2840.75;2845.25;2734;2706.5;2800.25;2753.5;2849;2866.25;2796;2807.5;2762.25;2815;2825.5;2756.5;2796.75;2782.75;2743;2768;2784;2866.25;2889.5;2890.25;2869;2809.5;2812;2868.5;2877.75;2895.75;2952.75;2936.75;2895.5;2868;2908;2917;2955.25;2907.25;2893.75;2947;2867.25;2909;2982.5;2917.25;2985.75;2949.25;2938.75;2993;2964.75;3053;3016.75;3072.5;3051;2933.25;2970.25;3020.5;3031;3025.25;2627;3156.75;3110.5;3098.75;3103;3087.25;3104.75;3085.25;3038;3053.25;2985.75;2963;2945.25;2952.25;2949.5
Mean Deaths per Week 2016-2019;-;-;-;-;-;-;-;20664.75;-;-;-;-;-;-;19940.25;-;-;-;-;-;-;19000.25;-;-;-;-;-;-;18724.5;-;-;-;-;-;-;18139;-;-;-;-;-;-;17424;-;-;-;-;-;-;17412.75;-;-;-;-;-;-;17111.25;-;-;-;-;-;-;17181.75;-;-;-;-;-;-;17062;-;-;-;-;-;-;16700.75;-;-;-;-;-;-;16812.5;-;-;-;-;-;-;16610;-;-;-;-;-;-;16030.25;-;-;-;-;-;-;16279.5;-;-;-;-;-;-;16723.5;-;-;-;-;-;-;16335.5;-;-;-;-;-;-;16353;-;-;-;-;-;-;16273.75;-;-;-;-;-;-;17530.5;-;-;-;-;-;-;17461.75;-;-;-;-;-;-;16933.25;-;-;-;-;-;-;16067.75;-;-;-;-;-;-;16300;-;-;-;-;-;-;16775;-;-;-;-;-;-;16019.75;-;-;-;-;-;-;16258.75;-;-;-;-;-;-;16281.25;-;-;-;-;-;-;16459.5;-;-;-;-;-;-;16574.5;-;-;-;-;-;-;17051;-;-;-;-;-;-;17506.75;-;-;-;-;-;-;17083.25;-;-;-;-;-;-;17068.25;-;-;-;-;-;-;17561.75;-;-;-;-;-;-;17747;-;-;-;-;-;-;18073.75;-;-;-;-;-;-;17967;-;-;-;-;-;-;18458.75;-;-;-;-;-;-;18709.75;-;-;-;-;-;-;18759.25;-;-;-;-;-;-;18672.5;-;-;-;-;-;-;18961.75;-;-;-;-;-;-;19554.75;-;-;-;-;-;-;19559.5;-;-;-;-;-;-;19723.75;-;-;-;-;-;-;20085.25;-;-;-;-;-;-;20387.75;-;-;-;-;-;-;20502.5;-;-;-;-;-;-;20988;-;-;-;-;-;-;20658.25;-;-;-;-;-;-;21746.25;-;-;-;-;-;-;20887
Excess Mortality per Day 2020/21;-165.25;-100.75;-74;-92.25;-121.25;-147.5;-191.25;-13.75;-4.75;111.25;-5.25;48.75;-113;-272;-185.25;-56.25;246;197.5;260.75;216.25;-155.25;201.75;272.5;334.25;428;259.25;209;149.75;425.75;478;525;411.75;146;225.25;149;89;259.5;196.5;344.75;439.75;219.5;221;151;292.75;242.75;237.25;218.5;7.75;-34;156.25;119.5;375.25;221;66;-25.75;-131.75;70.5;153.75;159.75;117.5;84;33.75;-119.5;-18;7.5;60.75;-40;82.75;-78.5;-123.5;55;95.75;235.75;88.5;85.25;-44.5;-129;67.5;100.25;59.75;87.25;-79.25;-51;-190.75;-79.75;133.25;246.75;291;127.5;-16;-72.75;-57.75;27.25;108.25;59.5;226.25;164.5;11.75;-27.75;96.25;202.5;67.75;9.75;-30.25;-164.5;114;113.5;-45.5;22.25;132.75;250.75;0.25;-89.5;-66.25;65.75;197.5;89.5;-47.75;-92.75;62.5;15.5;-79;92;108;-200.25;-247.25;7;224;216.75;70.5;-0.5;-31.75;-35.75;-20;-103;-129.5;-6;99.25;-42;-275.25;-187;65.25;-56.5;-134;156.75;63;-25.25;-144;-194.5;-4.75;68.5;116.5;186.25;322.5;428.25;838.75;769.75;568.75;571;338.75;106.25;139;173.5;239.5;223.25;433;204.75;-93.5;-76.5;24.5;-7.25;-136.25;-25;57.25;-78.5;-44.75;145;154.25;167.5;168.25;91.25;11.75;132.25;170;224;252.25;175;65.75;-94.75;133;376.5;246.75;238;100;119.5;26.25;109.75;208.5;240.75;156;236.25;45.5;-87;137.5;184.5;141.25;253.25;143.5;172;40.25;40.75;137.25;171;80.75;199;50.75;-174.5;-12.25;-27;50.25;12.75;103;113.5;-34;109.75;169.25;302.75;351.75;295.25;68.5;166.25;106;107.5;161.25;184;377.75;332;244.25;378;249.25;217.25;153.75;212.75;214;69.75;269.5;306;219;320;304.5;370.5;280.25;272.75;484.5;285.25;219.5;317;286.25;266.5;474.25;528.75;520.25;493.25;507.75;430;326.5;481.5;691.5;524.75;657.25;750.5;697.75;471.25;675.25;712;697.75;790;870.75;718.25;743.5;814;838.25;970;965.5;933.75;788.25;666;916;1017.25;1158.25;902;981;849.75;885.75;1181.5;1137.75;1119.25;846;825.5;775.75;660.75;847.25;686.75;871;852.5;733.75;675.5;468;664.75;772;685.5;792.75;747;523.5;468.5;690.25;714.25;722;752;756;414.75;247.5;517.75;400;468.5;454;413.5;159.25;49.25;346.25;181.25;322.5;169;87;150;-130.25;294.75;126.25;-10;91.75;201;-62.5;-234.25;188.25;161.75;-0.75;-117;-117.75;-308;-314.75;-84.5;-300;-167.25;-235.25;-386.5;-444;-578.25;-127;-203.75;-429.5;-407.75;-417;-456.25;-693.75;-688.25;-90;-232.25;-306.75;-251;-304.25;-339.25;-457.5
Excess Mortality per Week 2020/21;-;-;-;-;-;-;-;-740.75;-;-;-;-;-;-;-420.25;-;-;-;-;-;-;910.75;-;-;-;-;-;-;2078.5;-;-;-;-;-;-;2024;-;-;-;-;-;-;1832;-;-;-;-;-;-;1121.25;-;-;-;-;-;-;694.75;-;-;-;-;-;-;411.25;-;-;-;-;-;-;-36;-;-;-;-;-;-;399.25;-;-;-;-;-;-;-153.5;-;-;-;-;-;-;652;-;-;-;-;-;-;569.75;-;-;-;-;-;-;295.5;-;-;-;-;-;-;384.5;-;-;-;-;-;-;208.5;-;-;-;-;-;-;-304;-;-;-;-;-;-;423.25;-;-;-;-;-;-;-643.5;-;-;-;-;-;-;-74.75;-;-;-;-;-;-;922.75;-;-;-;-;-;-;3332.25;-;-;-;-;-;-;1104;-;-;-;-;-;-;-210;-;-;-;-;-;-;870.25;-;-;-;-;-;-;925.25;-;-;-;-;-;-;1216.75;-;-;-;-;-;-;937.5;-;-;-;-;-;-;975.5;-;-;-;-;-;-;452;-;-;-;-;-;-;328.25;-;-;-;-;-;-;1459.75;-;-;-;-;-;-;1784.75;-;-;-;-;-;-;1386.25;-;-;-;-;-;-;2073;-;-;-;-;-;-;2333.25;-;-;-;-;-;-;3288;-;-;-;-;-;-;4468.25;-;-;-;-;-;-;5346.25;-;-;-;-;-;-;6077.75;-;-;-;-;-;-;6975.5;-;-;-;-;-;-;6212.25;-;-;-;-;-;-;4952.25;-;-;-;-;-;-;4679.5;-;-;-;-;-;-;4124.25;-;-;-;-;-;-;2290.75;-;-;-;-;-;-;1074.25;-;-;-;-;-;-;300.5;-;-;-;-;-;-;-781;-;-;-;-;-;-;-2238.25;-;-;-;-;-;-;-3296.25;-;-;-;-;-;-;-1981
Curv Corona Deaths per Day 2020/21;-;-2;1;-1;3;-3;2;2;4;-2;-4;22;-1;-5;-17;35;-2;24;1;55;-54;26;55;-2;-29;66;-8;81;-189;166;60;-33;104;-327;105;16;88;-5;75;-15;11;-165;-41;121;45;-38;-6;9;-155;30;71;-23;51;-99;8;-37;-22;73;-127;282;-165;1;-79;-19;87;-28;50;-116;21;-7;-10;49;5;-14;-14;1;-25;-7;-1;3;1;21;13;7;7;-37;-7;16;-11;0;-8;-1;13;2;-2;-24;5;-1;-1;3;16;3;-16;-7;1;-5;15;-7;2;8;-14;1;0;10;-9;1;-6;1;0;-1;1;8;2;-7;0;-3;1;-4;7;-5;-2;1;-1;4;-3;0;4;2;-6;1;0;0;3;-1;4;-7;0;1;6;7;-14;12;-8;-5;4;1;-4;0;11;-8;-5;1;4;3;6;-13;7;-4;1;-5;3;3;-3;3;-5;2;0;11;-12;3;-3;-1;-1;4;4;-8;5;0;-3;0;9;-5;-3;7;-8;0;-2;15;3;-5;2;-7;-3;7;-5;5;2;-5;4;-11;19;-9;4;-15;10;15;-20;8;28;-8;-11;11;-22;1;31;-4;-11;20;-1;-21;0;2;1;108;-92;40;6;-34;70;-80;184;-71;-30;-66;1;-30;337;-160;9;-34;-81;-45;198;45;-53;20;-16;-113;-45;203;71;6;52;-59;-201;-45;263;95;-1;-44;42;-218;-106;283;129;-110;146;-101;-170;-146;360;385;-224;45;-26;-310;-188;483;356;-339;-308;-171;116;-15;497;274;-159;-402;-207;-19;-24;646;52;69;75;-119;-459;-236;531;214;126;-103;-609;261;-315;-89;1380;-716;-158;-26;-675;263;433;-389;412;506;-982;416;-761;798;117;-189;74;-168;-463;-70;326;332;-149;-114;-5;-328;-102;413;-338;711;-386;-25;-350;-79;354;10;-47;-207;423;-443;-93;302;50;-53;-90;29;-199;-66;230;24;37;-62;-34;-207;73;145
Curv Corona Deaths per Week 2020/21;-;-;-;-;-;-;-;2;-;-;-;-;-;-;-3;-;-;-;-;-;-;85;-;-;-;-;-;-;-26;-;-;-;-;-;-;91;-;-;-;-;-;-;-52;-;-;-;-;-;-;6;-;-;-;-;-;-;-51;-;-;-;-;-;-;-34;-;-;-;-;-;-;-3;-;-;-;-;-;-;-5;-;-;-;-;-;-;51;-;-;-;-;-;-;-48;-;-;-;-;-;-;-8;-;-;-;-;-;-;-5;-;-;-;-;-;-;5;-;-;-;-;-;-;-4;-;-;-;-;-;-;2;-;-;-;-;-;-;0;-;-;-;-;-;-;-2;-;-;-;-;-;-;0;-;-;-;-;-;-;2;-;-;-;-;-;-;-4;-;-;-;-;-;-;4;-;-;-;-;-;-;-2;-;-;-;-;-;-;-3;-;-;-;-;-;-;2;-;-;-;-;-;-;-2;-;-;-;-;-;-;12;-;-;-;-;-;-;9;-;-;-;-;-;-;-7;-;-;-;-;-;-;30;-;-;-;-;-;-;-15;-;-;-;-;-;-;99;-;-;-;-;-;-;-92;-;-;-;-;-;-;224;-;-;-;-;-;-;41;-;-;-;-;-;-;87;-;-;-;-;-;-;51;-;-;-;-;-;-;108;-;-;-;-;-;-;165;-;-;-;-;-;-;136;-;-;-;-;-;-;109;-;-;-;-;-;-;-87;-;-;-;-;-;-;-515;-;-;-;-;-;-;501;-;-;-;-;-;-;0;-;-;-;-;-;-;-373;-;-;-;-;-;-;47;-;-;-;-;-;-;-113;-;-;-;-;-;-;-55;-;-;-;-;-;-;-99;-;-;-;-;-;-;-24
Diff Excess Mortality per Day 2020/21;-;64.5;26.75;-18.25;-29;-26.25;-43.75;177.5;9;116;-116.5;54;-161.75;-159;86.75;129;302.25;-48.5;63.25;-44.5;-371.5;357;70.75;61.75;93.75;-168.75;-50.25;-59.25;276;52.25;47;-113.25;-265.75;79.25;-76.25;-60;170.5;-63;148.25;95;-220.25;1.5;-70;141.75;-50;-5.5;-18.75;-210.75;-41.75;190.25;-36.75;255.75;-154.25;-155;-91.75;-106;202.25;83.25;6;-42.25;-33.5;-50.25;-153.25;101.5;25.5;53.25;-100.75;122.75;-161.25;-45;178.5;40.75;140;-147.25;-3.25;-129.75;-84.5;196.5;32.75;-40.5;27.5;-166.5;28.25;-139.75;111;213;113.5;44.25;-163.5;-143.5;-56.75;15;85;81;-48.75;166.75;-61.75;-152.75;-39.5;124;106.25;-134.75;-58;-40;-134.25;278.5;-0.5;-159;67.75;110.5;118;-250.5;-89.75;23.25;132;131.75;-108;-137.25;-45;155.25;-47;-94.5;171;16;-308.25;-47;254.25;217;-7.25;-146.25;-71;-31.25;-4;15.75;-83;-26.5;123.5;105.25;-141.25;-233.25;88.25;252.25;-121.75;-77.5;290.75;-93.75;-88.25;-118.75;-50.5;189.75;73.25;48;69.75;136.25;105.75;410.5;-69;-201;2.25;-232.25;-232.5;32.75;34.5;66;-16.25;209.75;-228.25;-298.25;17;101;-31.75;-129;111.25;82.25;-135.75;33.75;189.75;9.25;13.25;0.75;-77;-79.5;120.5;37.75;54;28.25;-77.25;-109.25;-160.5;227.75;243.5;-129.75;-8.75;-138;19.5;-93.25;83.5;98.75;32.25;-84.75;80.25;-190.75;-132.5;224.5;47;-43.25;112;-109.75;28.5;-131.75;0.5;96.5;33.75;-90.25;118.25;-148.25;-225.25;162.25;-14.75;77.25;-37.5;90.25;10.5;-147.5;143.75;59.5;133.5;49;-56.5;-226.75;97.75;-60.25;1.5;53.75;22.75;193.75;-45.75;-87.75;133.75;-128.75;-32;-63.5;59;1.25;-144.25;199.75;36.5;-87;101;-15.5;66;-90.25;-7.5;211.75;-199.25;-65.75;97.5;-30.75;-19.75;207.75;54.5;-8.5;-27;14.5;-77.75;-103.5;155;210;-166.75;132.5;93.25;-52.75;-226.5;204;36.75;-14.25;92.25;80.75;-152.5;25.25;70.5;24.25;131.75;-4.5;-31.75;-145.5;-122.25;250;101.25;141;-256.25;79;-131.25;36;295.75;-43.75;-18.5;-273.25;-20.5;-49.75;-115;186.5;-160.5;184.25;-18.5;-118.75;-58.25;-207.5;196.75;107.25;-86.5;107.25;-45.75;-223.5;-55;221.75;24;7.75;30;4;-341.25;-167.25;270.25;-117.75;68.5;-14.5;-40.5;-254.25;-110;297;-165;141.25;-153.5;-82;63;-280.25;425;-168.5;-136.25;101.75;109.25;-263.5;-171.75;422.5;-26.5;-162.5;-116.25;-0.75;-190.25;-6.75;230.25;-215.5;132.75;-68;-151.25;-57.5;-134.25;451.25;-76.75;-225.75;21.75;-9.25;-39.25;-237.5;5.5;598.25;-142.25;-74.5;55.75;-53.25;-35;-118.25
Diff Excess Mortality per Week 2020/21;-;-;-;-;-;-;-;151.5;-;-;-;-;-;-;-171.5;-;-;-;-;-;-;387;-;-;-;-;-;-;224;-;-;-;-;-;-;-336.75;-;-;-;-;-;-;62;-;-;-;-;-;-;5.25;-;-;-;-;-;-;-85.75;-;-;-;-;-;-;-88.5;-;-;-;-;-;-;73;-;-;-;-;-;-;12.5;-;-;-;-;-;-;-147.25;-;-;-;-;-;-;22;-;-;-;-;-;-;30;-;-;-;-;-;-;141.75;-;-;-;-;-;-;-203.5;-;-;-;-;-;-;152;-;-;-;-;-;-;-55.5;-;-;-;-;-;-;-27;-;-;-;-;-;-;-167;-;-;-;-;-;-;43;-;-;-;-;-;-;572.25;-;-;-;-;-;-;-289.25;-;-;-;-;-;-;-215.5;-;-;-;-;-;-;31.75;-;-;-;-;-;-;177;-;-;-;-;-;-;0.75;-;-;-;-;-;-;-23.25;-;-;-;-;-;-;27.75;-;-;-;-;-;-;-96.75;-;-;-;-;-;-;-53;-;-;-;-;-;-;122;-;-;-;-;-;-;-3.75;-;-;-;-;-;-;272;-;-;-;-;-;-;-108.5;-;-;-;-;-;-;3.25;-;-;-;-;-;-;201.5;-;-;-;-;-;-;7.25;-;-;-;-;-;-;193.75;-;-;-;-;-;-;138.75;-;-;-;-;-;-;102;-;-;-;-;-;-;265.5;-;-;-;-;-;-;-334.25;-;-;-;-;-;-;-182.5;-;-;-;-;-;-;25.5;-;-;-;-;-;-;-172.5;-;-;-;-;-;-;-171.5;-;-;-;-;-;-;-51.5;-;-;-;-;-;-;-106.5;-;-;-;-;-;-;-272.75;-;-;-;-;-;-;-42.5;-;-;-;-;-;-;-561.25;-;-;-;-;-;-;230.75
Diff Deaths per Day 2020/21;-;-3;4;-36;-22;-29;-55;170;-50;71;-120;59;-120;-184;117;38;200;-91;118;-7;-321;261;53;47;82;-92;-44;-80;184;12;110;-192;-209;33;-42;-66;48;7;87;98;-213;-41;-16;87;-40;48;-24;-185;-88;174;-47;190;-66;-210;-58;-121;199;0;37;-16;30;-9;-142;51;-3;58;-101;41;-136;29;142;34;74;-183;51;-94;-100;153;-11;0;64;-74;-26;-153;93;204;70;95;-191;-123;-115;48;16;57;-64;201;-83;-125;-9;101;-8;-20;-7;-12;-164;287;-27;-80;79;94;62;-228;-84;3;157;-37;-66;-78;69;54;-76;-75;148;42;-231;-48;126;151;-11;-71;-14;-15;44;86;-132;-2;70;143;-18;-141;59;153;-206;-29;252;-13;-123;-57;-121;103;14;139;127;98;12;256;-40;-123;-18;-208;-159;3;58;-7;-30;171;-169;-263;88;72;-28;-115;161;53;-169;-48;182;-46;24;45;-84;-62;99;4;114;-49;-3;-69;-127;215;153;-98;-11;-150;60;-87;94;13;124;-94;55;-146;-96;145;90;-28;74;-71;-71;-59;29;92;6;-40;132;-83;-247;186;12;87;-32;36;-24;-102;147;-31;167;-28;-9;-129;71;-63;-109;152;-23;197;-22;-90;189;-138;-15;-37;21;3;-117;184;18;-19;66;-13;65;-80;42;129;-159;-32;112;-45;76;147;-2;-30;-32;23;-28;-58;115;198;-92;99;74;-35;-172;233;-13;16;14;153;-126;9;76;-18;71;45;-15;-77;-100;247;94;65;-239;-31;-79;147;235;-111;32;-218;-37;-16;-111;296;-156;73;-46;-25;-105;-112;214;37;-75;62;7;-213;-124;262;10;-32;55;20;-259;-144;271;-139;9;-12;16;-245;-92;354;-181;100;-181;-42;72;-242;377;-182;-83;22;151;-190;-237;491;-63;-173;-62;-29;-102;-43;286;-237;15;-31;-101;-47;-140;53;453;-272;10;-5;-55;-220;-14;551;-127;-142;33;-71;-28;-121
Diff Deaths per Week 2020/21;-;-;-;-;-;-;-;29;-;-;-;-;-;-;-227;-;-;-;-;-;-;198;-;-;-;-;-;-;150;-;-;-;-;-;-;-354;-;-;-;-;-;-;-30;-;-;-;-;-;-;-28;-;-;-;-;-;-;-113;-;-;-;-;-;-;-49;-;-;-;-;-;-;30;-;-;-;-;-;-;-65;-;-;-;-;-;-;-107;-;-;-;-;-;-;-12;-;-;-;-;-;-;-7;-;-;-;-;-;-;177;-;-;-;-;-;-;-184;-;-;-;-;-;-;102;-;-;-;-;-;-;-114;-;-;-;-;-;-;170;-;-;-;-;-;-;-21;-;-;-;-;-;-;-23;-;-;-;-;-;-;372;-;-;-;-;-;-;-289;-;-;-;-;-;-;-152;-;-;-;-;-;-;-74;-;-;-;-;-;-;158;-;-;-;-;-;-;85;-;-;-;-;-;-;-39;-;-;-;-;-;-;1;-;-;-;-;-;-;-36;-;-;-;-;-;-;46;-;-;-;-;-;-;124;-;-;-;-;-;-;-22;-;-;-;-;-;-;294;-;-;-;-;-;-;-99;-;-;-;-;-;-;79;-;-;-;-;-;-;228;-;-;-;-;-;-;-12;-;-;-;-;-;-;305;-;-;-;-;-;-;129;-;-;-;-;-;-;153;-;-;-;-;-;-;192;-;-;-;-;-;-;-165;-;-;-;-;-;-;-157;-;-;-;-;-;-;-44;-;-;-;-;-;-;-79;-;-;-;-;-;-;-109;-;-;-;-;-;-;-97;-;-;-;-;-;-;-28;-;-;-;-;-;-;-186;-;-;-;-;-;-;-488;-;-;-;-;-;-;-103;-;-;-;-;-;-;95
Proportion of Corona Deaths per Day 2020/21;-;0;0.034614053305637;0;0.105969622041679;0;0.072806698216232;0.137127185464514;0.279037321241715;0.204220558202861;0.070972320794893;0.834202294056308;0.834240116068186;0.699572483482314;0.037174721189592;1.31964809384164;1.16120218579235;2.04441311244272;1.99661590524535;3.86702849389416;2.28397411496003;2.97783933518005;4.79428765725943;4.65194109772423;3.58306188925082;5.91000671591673;5.72597137014315;8.72459705676244;1.97498354180382;7.40983606557377;9.05063291139241;8.52425876010782;12.9394708227619;1.07449856733525;4.90909090909091;5.62593144560357;8.74816983894583;8.54326396495071;10.9341825902335;10.0547195622435;11.2504610844707;5.2434456928839;3.73021853805576;8.02626778547976;9.81118104405776;8.25754819934522;8.11009174311926;9.05511811023622;3.05872756933115;3.998476770754;6.8243505234587;5.52546045503792;7.54716981132075;4.21179302045728;4.64065708418891;3.28435609334485;2.14882610425786;5.05372065260644;0;11.1286503551697;4.56318252730109;4.61839530332681;1.61624533775383;0.811688311688308;4.34782608695652;3.13616514489877;5.33498759305211;0.528670191134606;1.46362462333189;1.14795918367347;0.681635926222934;2.61075949367089;2.72867025365103;2.35634559735428;1.74089068825911;1.85185185185185;0.834797891036909;0.494030465212025;0.454921422663357;0.578990901571552;0.604351329572928;1.49501661129569;2.05709487825357;2.51233737101839;2.71317829457365;1.02929532858274;0.731895223420642;1.30063173541435;0.960000000000005;1.00967606226335;0.707338638373123;0.649350649350644;1.20378331900258;1.25891733109526;1.20741699008193;0.158730158730158;0.369306524415269;0.34602076124568;0.303951367781152;0.415973377703827;1.08514190317195;1.22053872053872;0.548754748839175;0.254560882477728;0.319197446420427;0.080645161290327;0.69302894415002;0.421407501053517;0.489396411092991;0.785545954438338;0.230061349693256;0.294117647058822;0.304878048780488;0.73945193562418;0.325732899022801;0.37205456800331;0.127496812579686;0.17582417582418;0.170648464163825;0.125104253544617;0.17226528854436;0.534045393858473;0.584551148225465;0.287238407878543;0.317316409791479;0.185356811862836;0.21891418563923;0.041067761806979;0.330033003300334;0.127496812579686;0.042753313381783;0.086058519793464;0.042229729729726;0.203748981255092;0.086132644272174;0.086206896551722;0.251046025104606;0.315831030398739;0.079522862823067;0.126368997472615;0.1233045622688;0.116009280742457;0.252100840336134;0.212675457252232;0.345754898194395;0.077220077220075;0.0810701256587;0.124481327800829;0.393184796854518;0.668896321070234;0.083125519534499;0.550098231827112;0.22455089820359;0.036101083032492;0.179726815240833;0.197498354180381;0.066711140760512;0.06956521739131;0.455022751137557;0.188750471876176;0;0.040112314480545;0.196001568012549;0.314465408805031;0.556881463802705;0.037243947858479;0.317965023847377;0.17754105636929;0.213583938487827;0;0.125786163522013;0.264317180616735;0.123406005758941;0.241545893719808;0.043196544276458;0.132333480370539;0.122498979175179;0.582605076987097;0.082406262875978;0.202265372168287;0.083752093802347;0.042992261392949;0;0.164676821737342;0.314589068029891;0;0.200722601364911;0.206440957886045;0.087145969498914;0.079681274900401;0.413067968456626;0.233918128654975;0.117462803445578;0.415973377703827;0.081168831168832;0.084139671855277;0;0.60386473429952;0.690184049079756;0.517104216388231;0.583884780070065;0.33016921172101;0.214868929952727;0.485436893203883;0.273224043715847;0.473559589581685;0.536809815950923;0.354749704375246;0.527169505271696;0.083090984628165;0.862068965517238;0.4746835443038;0.63141278610892;0.04009623095429;0.418888042650423;1.02241447109713;0.26132404181185;0.564061240934732;1.6840417000802;1.31731886865556;0.902314633189483;1.31528046421664;0.468566966028894;0.528670191134606;1.68841135840369;1.55339805825243;1.05762217359592;1.80545320560059;1.77449168207025;1.04813664596274;1.02002266717038;1.12229102167183;1.21212121212121;5.25314046440807;1.76651305683564;3.07033202427704;3.31054336092119;2.15693566381554;4.44753300903406;1.75182481751824;8.51376146788991;5.98958333333334;4.83573274270949;2.39675516224189;2.54335260115607;1.29543001079525;13.3357168394709;7.66738660907127;7.80590717299579;6.6407629812787;3.69475138121547;2.20170454545454;9.09727081875438;10.2109139604955;8.91089108910891;9.72818311874106;8.80330123796423;4.99476074048201;3.33446750595441;9.75372650680493;12.0622568093385;12.37721021611;14.228987425546;12.183908045977;5.63473649320517;4.22440013518081;12.6219908913468;14.7616136919315;15.1572327044025;13.3577310155535;14.3155383238891;7.8963230861965;4.95867768595041;12.9920094702575;16.8746286393345;13.5422826729746;17.7856301531213;14.1730064806988;9.72830850131463;5.44871794871795;15.5929304446978;26.7048710601719;19.8820556023589;20.8818635607321;20.2450570871624;11.8668184405236;6.70767428236673;19.4482381862879;28.4420772303595;19.0837696335079;11.7564925998324;7.04225352112676;10.5445116681072;9.70149253731343;22.0088242927589;29.9839657936932;25.516693163752;15.7761529808774;10.0596760443308;9.56323151584356;9.1686320754717;25.9490238611714;28.5673839184598;29.9029126213592;32.3967406574881;29.2586304470855;16.7687372411782;10.220078384082;24.6389124893798;30.3811659192825;34.6407099914114;31.1392405063291;13.9809096013476;22.6634816363093;13.7674418604651;10.1806710639518;49.6139548184158;29.4083694083694;24.4602272727273;23.5875706214689;4.87656202377323;13.4842205929232;25.1173708920188;14.2857142857143;26.8151311775473;42.4066135946111;12.279098110908;26.9674020414883;1.96943972835314;25.947256744468;31.20590121873;24.3629583592293;28.2515640434639;23.0383973288815;7.40136941636779;5.55752212389381;15.0843222985634;26.9867549668874;22.6762002042901;18.6549509969584;17.588424437299;7.5;4.36079016026836;16.698172652804;6.17164898746384;30.7351940095303;17.9763560500695;17.2813487881981;5.17304189435337;2.33160621761658;13.9558232931727;15.5216284987277;13.7382501807665;6.3254113345521;22.6271829916477;5.91418631619637;2.45198201879853;14.48;13.9519133084998;13.390525923163;9.99628390932739;11.0945644080417;3.76282782212086;1.36872666943177;10.9720483938256;9.73541383989145;11.4852889046437;9.77976857036208;8.4070796460177;0.795153351003408;3.59739762724838;9.59069020866774
Proportion of Corona Deaths per Week 2020/21;-;-;-;-;-;-;-;0.050190724754066;-;-;-;-;-;-;0.420081967213115;-;-;-;-;-;-;2.24499020641856;-;-;-;-;-;-;5.01369994712301;-;-;-;-;-;-;7.1318752169816;-;-;-;-;-;-;8.412962193602;-;-;-;-;-;-;7.24614222509982;-;-;-;-;-;-;4.94777041446703;-;-;-;-;-;-;3.99590746319559;-;-;-;-;-;-;2.3845882767532;-;-;-;-;-;-;1.82456140350877;-;-;-;-;-;-;1.46467374992497;-;-;-;-;-;-;0.921098366353841;-;-;-;-;-;-;0.686746987951807;-;-;-;-;-;-;0.561085972850679;-;-;-;-;-;-;0.461772270282909;-;-;-;-;-;-;0.290135396518375;-;-;-;-;-;-;0.330238644152284;-;-;-;-;-;-;0.12577109660418;-;-;-;-;-;-;0.153964588144727;-;-;-;-;-;-;0.172542704319319;-;-;-;-;-;-;0.296818996415771;-;-;-;-;-;-;0.149484536082474;-;-;-;-;-;-;0.25856125028729;-;-;-;-;-;-;0.132810141865379;-;-;-;-;-;-;0.159857904085258;-;-;-;-;-;-;0.151303538175047;-;-;-;-;-;-;0.194307920905246;-;-;-;-;-;-;0.494338104270851;-;-;-;-;-;-;0.444444444444444;-;-;-;-;-;-;0.491344340970119;-;-;-;-;-;-;1.13260442949257;-;-;-;-;-;-;1.34282478563339;-;-;-;-;-;-;3.06582506762849;-;-;-;-;-;-;3.90014777285202;-;-;-;-;-;-;7.18970736629667;-;-;-;-;-;-;7.97275444700348;-;-;-;-;-;-;10.510468125147;-;-;-;-;-;-;11.9509748331661;-;-;-;-;-;-;13.3022946458264;-;-;-;-;-;-;18.0295526834964;-;-;-;-;-;-;15.7244229569557;-;-;-;-;-;-;18.2847382219751;-;-;-;-;-;-;24.7194679071286;-;-;-;-;-;-;22.5133050043319;-;-;-;-;-;-;24.6938946662194;-;-;-;-;-;-;21.7509831962817;-;-;-;-;-;-;19.4390084801044;-;-;-;-;-;-;16.5649185213671;-;-;-;-;-;-;13.4903746226555;-;-;-;-;-;-;11.6775244299674;-;-;-;-;-;-;9.3929539295393;-;-;-;-;-;-;7.69596953348144
